{
  "dense": {
    "mrr": 0.0,
    "recall_at_5": 0.0,
    "precision_at_5": 0.0,
    "rouge_l": 0.018227551030542934
  },
  "sparse": {
    "mrr": 0.0,
    "recall_at_5": 0.0,
    "precision_at_5": 0.0,
    "rouge_l": 0.010151953105524992
  },
  "hybrid": {
    "mrr": 0.0,
    "recall_at_5": 0.0,
    "precision_at_5": 0.0,
    "rouge_l": 0.010028423098876676
  }
}